prénom,nom,nom_complet,genre,année_naissance,municipalité,région,lieu
Alice,Abou-Khalil,Alice Abou-Khalil,f,1971,,,Liban
Simon,Allaire,Simon Allaire,m,1977,Sorel-Tracy,Montérégie,Québec
Dominique,Anglade,Dominique Anglade,f,1974,Montréal,Montréal,Québec
Pierre,Arcand,Pierre Arcand,m,1951,Saint-Hyacinthe,Montérégie,Québec
Damien,Arsenault,Damien Arsenault,m,1960,Saint-Elzéar,Chaudière-Appalaches,Québec
Joël,Arseneau,Joël Arseneau,m,1965,Cap-aux-Meules,Gaspésie–Îles-de-la-Madeleine,Québec
Maxime,Arseneau,Maxime Arseneau,m,1949,Havre-aux-Maisons,Gaspésie–Îles-de-la-Madeleine,Québec
Mario,Asselin,Mario Asselin,m,1965,,,
Vincent,Auclair,Vincent Auclair,m,1965,Laval,Laval,Québec
Michel,Audet,Michel Audet,m,1940,Jonquière,Saguenay–Lac-Saint-Jean,Québec
Pierre-Michel,Auger,Pierre-Michel Auger,m,1963,Shawinigan,Mauricie,Québec
Jean-Martin,Aussant,Jean-Martin Aussant,m,1970,Sorel,Montérégie,Québec
André,Bachand,André Bachand,m,1961,Québec,Capitale-Nationale,Québec
Claude,Bachand,Claude Bachand,m,1956,Montréal,Montréal,Québec
Raymond,Bachand,Raymond Bachand,m,1947,Montréal,Montréal,Québec
Diane,Barbeau,Diane Barbeau,f,1961,Baie-Comeau,Côte-Nord,Québec
Gilles,Baril,Gilles Baril,m,1957,Saint-Eugène-de-Guigues,Abitibi-Témiscamingue,Québec
Jacques,Baril,Jacques Baril,m,1942,Princeville,Centre-du-Québec,Québec
Gaétan,Barrette,Gaétan Barrette,m,1956,La Tuque,Mauricie,Québec
Line,Beauchamp,Line Beauchamp,f,1963,Salaberry-de-Valleyfield,Montérégie,Québec
Frédéric,Beauchemin,Frédéric Beauchemin,m,,,,
Denise,Beaudoin,Denise Beaudoin,f,1949,Lachute,Laurentides,Québec
Louise,Beaudoin,Louise Beaudoin,f,1945,Québec,Capitale-Nationale,Québec
François,Beaulne,François Beaulne,m,1946,Ottawa,,Ontario
Yves,Beaumier,Yves Beaumier,m,1942,Trois-Rivières,Mauricie,Québec
Pascal,Beaupré,Pascal Beaupré,m,1983,Joliette,Lanaudière,Québec
Claude,Béchard,Claude Béchard,m,1969,Saint-Philippe-de-Néri,Bas-Saint-Laurent,Québec
Stéphane,Bédard,Stéphane Bédard,m,1968,Chicoutimi,Saguenay–Lac-Saint-Jean,Québec
Paul,Bégin,Paul Bégin,m,1943,Dolbeau,Saguenay–Lac-Saint-Jean,Québec
Gilles,Bélanger,Gilles Bélanger,m,1958,Saint-Laurent,Montréal,Québec
Madeleine,Bélanger,Madeleine Bélanger,f,1932,Saint-Sébastien,Estrie,Québec
Sonia,Bélanger,Sonia Bélanger,f,1961,Rimouski,Bas-Saint-Laurent,Québec
Marc,Bellemare,Marc Bellemare,m,1956,Saint-Hyacinthe,Montérégie,Québec
François,Benjamin,François Benjamin,m,1962,Montréal,Montréal,Québec
Frantz,Benjamin,Frantz Benjamin,m,1968,,,Haïti
Hubert,Benoit,Hubert Benoit,m,1963,Québec,Capitale-Nationale,Québec
Robert,Benoît,Robert Benoît,m,1944,Saint-Hyacinthe,Montérégie,Québec
Jean-Paul,Bergeron,Jean-Paul Bergeron,m,1947,Iberville,Montérégie,Québec
Stéphane,Bergeron,Stéphane Bergeron,m,1965,Montréal,Montréal,Québec
Lawrence,Bergman,Lawrence Bergman,m,1940,Montréal,Montréal,Québec
Daniel,Bernard,Daniel Bernard,m,1959,Disraeli,Chaudière-Appalaches,Québec
Raymond,Bernier,Raymond Bernier,m,1952,Québec,Capitale-Nationale,Québec
Roger,Bertrand,Roger Bertrand,m,1947,Donnacona,Capitale-Nationale,Québec
Rosaire,Bertrand,Rosaire Bertrand,f,1936,Saint-Fabien-de-Panet,Chaudière-Appalaches,Québec
Pascal,Bérubé,Pascal Bérubé,m,1975,Matane,Bas-Saint-Laurent,Québec
Stéphane,Billette,Stéphane Billette,m,1971,Howick,Montérégie,Québec
David,Birnbaum,David Birnbaum,m,1956,Montréal,Montréal,Québec
Martine,Biron,Martine Biron,f,1962,Montréal,Montréal,Québec
Michel,Bissonnet,Michel Bissonnet,m,1942,Montréal,Montréal,Québec
Karl,Blackburn,Karl Blackburn,m,1967,Chicoutimi,Saguenay–Lac-Saint-Jean,Québec
François,Blais,François Blais,m,1961,Saint-Patrice-de-Beaurivage,Chaudière-Appalaches,Québec
Marguerite,Blais,Marguerite Blais,f,1950,Montréal,Montréal,Québec
Suzanne,Blais,Suzanne Blais,f,,Taschereau,Abitibi-Témiscamingue,Québec
Manon,Blanchet,Manon Blanchet,f,1968,Montréal,Montréal,Québec
Yves-François,Blanchet,Yves-François Blanchet,m,1965,Drummondville,Centre-du-Québec,Québec
Luc,Blanchette,Luc Blanchette,m,1960,Trois-Rivières,Mauricie,Québec
Maïté,Blanchette Vézina,Maïté Blanchette Vézina,f,1985,Montmagny,Chaudière-Appalaches,Québec
Catherine,Blouin,Catherine Blouin,f,1986,Saint-Jérôme,Laurentides,Québec
Audrey,Bogemans,Audrey Bogemans,f,1989,Saint-Sébastien,Montérégie,Québec
André,Boisclair,André Boisclair,m,1966,Montréal,Montréal,Québec
Alex,Boissonneault,Alex Boissonneault,m,1979,Saint-Ferdinand,Centre-du-Québec,Québec
Karine,Boivin Roy,Karine Boivin Roy,f,1971,Chicoutimi,Saguenay–Lac-Saint-Jean,Québec
Ghislain,Bolduc,Ghislain Bolduc,m,1952,Sherbrooke,Estrie,Québec
Yves,Bolduc,Yves Bolduc,m,1957,Alma,Saguenay–Lac-Saint-Jean,Québec
François,Bonnardel,François Bonnardel,m,1968,Verdun,Montréal,Québec
Yvan,Bordeleau,Yvan Bordeleau,m,1942,La Sarre,Abitibi-Témiscamingue,Québec
Haroun,Bouazzi,Haroun Bouazzi,m,1979,,,Tunisie
Camil,Bouchard,Camil Bouchard,m,1945,La Tuque,Mauricie,Québec
Daniel,Bouchard,Daniel Bouchard,m,1968,Québec,Capitale-Nationale,Québec
Lucien,Bouchard,Lucien Bouchard,m,1938,Saint-Coeur-de-Marie,Saguenay–Lac-Saint-Jean,Québec
Claude,Boucher,Claude Boucher,m,1942,Bromptonville,Estrie,Québec
Etienne-Alexis,Boucher,Etienne-Alexis Boucher,m,1978,Sherbrooke,Estrie,Québec
Jean,Boucher,Jean Boucher,m,1962,Trois-Rivières,Mauricie,Québec
Marie,Bouillé,Marie Bouillé,f,1958,Montréal,Montréal,Québec
André,Boulerice,André Boulerice,m,1946,Joliette,Lanaudière,Québec
Jean,Boulet,Jean Boulet,m,,Saint-Tite,Mauricie,Québec
Julie,Boulet,Julie Boulet,f,1959,Saint-Tite,Mauricie,Québec
Marc,Boulianne,Marc Boulianne,m,1941,Tadoussac,Côte-Nord,Québec
Kariane,Bourassa,Kariane Bourassa,f,1991,Drummondville,Centre-du-Québec,Québec
André,Bourbeau,André Bourbeau,m,1936,Verdun,Montréal,Québec
Marc,Bourcier,Marc Bourcier,m,1957,Saint-Jérôme,Laurentides,Québec
Alexandre,Bourdeau,Alexandre Bourdeau,m,1978,Le Gardeur,Lanaudière,Québec
Guy,Bourgeois,Guy Bourgeois,m,1958,Amos,Abitibi-Témiscamingue,Québec
Joëlle,Boutin,Joëlle Boutin,f,1979,Dolbeau,Saguenay–Lac-Saint-Jean,Québec
Jacques,Brassard,Jacques Brassard,m,1940,Alma,Saguenay–Lac-Saint-Jean,Québec
Daniel,Breton,Daniel Breton,m,1962,Montréal,Montréal,Québec
Bernard,Brodeur,Bernard Brodeur,m,1956,Granby,Estrie,Québec
Raymond,Brouillet,Raymond Brouillet,m,1933,Montréal,Montréal,Québec
Léo,Bureau-Blouin,Léo Bureau-Blouin,m,1991,Montréal,Montréal,Québec
Paul,Busque,Paul Busque,m,1960,Saint-Benoit-Labre,Chaudière-Appalaches,Québec
Robert,Bussière,Robert Bussière,m,1955,Otter Lake,Outaouais,Québec
Madwa-Nika,Cadet,Madwa-Nika Cadet,f,1990,Montréal,Montréal,Québec
Éric,Caire,Éric Caire,m,1965,Sorel,Montérégie,Québec
Martin,Camirand,Martin Camirand,m,1965,Saint-Jérôme,Laurentides,Québec
Richard,Campeau,Richard Campeau,m,1954,Montréal,Montréal,Québec
Serge,Cardin,Serge Cardin,m,1950,Sherbrooke,Estrie,Québec
Lionel,Carmant,Lionel Carmant,m,1965,,,Haïti
Jocelyne,Caron,Jocelyne Caron,f,1951,Verdun,Montréal,Québec
Linda,Caron,Linda Caron,f,1966,Montréal,Montréal,Québec
Vincent,Caron,Vincent Caron,m,1969,Béthune,,France
Denise,Carrier-Perreault,Denise Carrier-Perreault,f,1946,Lévis,Chaudière-Appalaches,Québec
Marc,Carrière,Marc Carrière,m,1964,Buckingham,Outaouais,Québec
Jacques,Chagnon,Jacques Chagnon,m,1952,Montréal,Montréal,Québec
Noëlla,Champagne,Noëlla Champagne,f,1944,Saint-Tite,Mauricie,Québec
Kateri,Champagne Jourdain,Kateri Champagne Jourdain,f,1981,Sept-Îles,Côte-Nord,Québec
Gilles,Chapadeau,Gilles Chapadeau,m,1960,Québec,Capitale-Nationale,Québec
Éric,Charbonneau,Éric Charbonneau,m,1969,Montréal,Montréal,Québec
Francine,Charbonneau,Francine Charbonneau,f,1962,Montréal,Montréal,Québec
Jean-Pierre,Charbonneau,Jean-Pierre Charbonneau,m,1950,Saint-Eustache,Laurentides,Québec
Isabelle,Charest,Isabelle Charest,f,1971,Rimouski,Bas-Saint-Laurent,Québec
Jean,Charest,Jean Charest,m,1958,Sherbrooke,Estrie,Québec
Nancy,Charest,Nancy Charest,f,1959,Matane,Bas-Saint-Laurent,Québec
Solange,Charest,Solange Charest,f,1950,Amqui,Bas-Saint-Laurent,Québec
Benoit,Charette,Benoit Charette,m,1976,Saint-Jérôme,Laurentides,Québec
Lucie,Charlebois,Lucie Charlebois,f,1959,Coteau-Station,Montérégie,Québec
MarieChantal,Chassé,MarieChantal Chassé,f,1966,Montréal,Montréal,Québec
Youri,Chassin,Youri Chassin,m,1977,Sainte-Agathe-des-Monts,Laurentides,Québec
André,Chenail,André Chenail,m,1946,Sainte-Clotilde,Montérégie,Québec
Germain,Chevarie,Germain Chevarie,m,1952,Les Îles-de-la-Madeleine,Gaspésie–Îles-de-la-Madeleine,Québec
Guy,Chevrette,Guy Chevrette,m,1940,Saint-Côme,Lanaudière,Québec
Roch,Cholette,Roch Cholette,m,1963,Lachine,Montréal,Québec
Enrico,Ciccone,Enrico Ciccone,m,1970,Montréal,Montréal,Québec
Jean-Marie,Claveau,Jean-Marie Claveau,m,1950,Saint-Félix-d'Otis,Saguenay–Lac-Saint-Jean,Québec
Maurice,Clermont,Maurice Clermont,m,1944,Laval,Laval,Québec
David,Cliche,David Cliche,m,1952,Saint-Joseph-de-Beauce,Chaudière-Appalaches,Québec
Guillaume,Cliche-Rivard,Guillaume Cliche-Rivard,m,1989,Saint-Jean-sur-Richelieu,Montérégie,Québec
Alexandre,Cloutier,Alexandre Cloutier,m,1977,Chicoutimi,Saguenay–Lac-Saint-Jean,Québec
Martin,Coiteux,Martin Coiteux,m,1962,Sorel,Montérégie,Québec
Russell,Copeman,Russell Copeman,m,1960,Montréal,Montréal,Québec
Pierre,Corbeil,Pierre Corbeil,m,1955,Saint-Hyacinthe,Montérégie,Québec
François,Corriveau,François Corriveau,m,1969,Baie-Comeau,Côte-Nord,Québec
Jacques,Côté,Jacques Côté,m,1944,Chicoutimi,Saguenay–Lac-Saint-Jean,Québec
Michel,Côté,Michel Côté,m,1937,Petit-Saguenay,Saguenay–Lac-Saint-Jean,Québec
Philippe,Couillard,Philippe Couillard,m,1957,Montréal,Montréal,Québec
Michelle,Courchesne,Michelle Courchesne,f,1953,Trois-Rivières,Mauricie,Québec
Claude,Cousineau,Claude Cousineau,m,1950,Montréal,Montréal,Québec
Pierre,Curzi,Pierre Curzi,m,1946,Montréal,Montréal,Québec
William,Cusano,William Cusano,m,1943,,,Italie
Jean,D'Amour,Jean D'Amour,m,1963,Rivière-du-Loup,Bas-Saint-Laurent,Québec
Sylvie,D'Amours,Sylvie D'Amours,f,1960,Malartic,Abitibi-Témiscamingue,Québec
Jean,Damphousse,Jean Damphousse,m,1952,Saint-Paulin,Mauricie,Québec
Hélène,Daneault,Hélène Daneault,f,1961,Salaberry-de-Valleyfield,Montérégie,Québec
Suzanne,Dansereau,Suzanne Dansereau,f,1952,Montréal,Montréal,Québec
Jacques,Daoust,Jacques Daoust,m,1948,Verdun,Montréal,Québec
Françoise,David,Françoise David,f,1948,Montréal,Montréal,Québec
Hélène,David,Hélène David,f,1953,Montréal,Montréal,Québec
Diane,De Courcy,Diane De Courcy,f,,,,
Albert,De Martin,Albert De Martin,m,1951,Laval,Laval,Québec
Rita,de Santis,Rita de Santis,f,1954,,,Italie
Margaret,Delisle,Margaret Delisle,f,1946,Québec,Capitale-Nationale,Québec
Gérard,Deltell,Gérard Deltell,m,1964,Québec,Capitale-Nationale,Québec
Monsef,Derraji,Monsef Derraji,m,1976,Marrakech,,Maroc
Pascale,Déry,Pascale Déry,m,1976,Montréal,Montréal,Québec
Robert,Deschamps,Robert Deschamps,m,1940,Grand-Mère,Mauricie,Québec
Pierre,Descoteaux,Pierre Descoteaux,m,1952,Montréal,Montréal,Québec
Rémy,Désilets,Rémy Désilets,m,1952,Drummondville,Centre-du-Québec,Québec
Serge,Deslières,Serge Deslières,m,1947,Montréal,Montréal,Québec
Michel,Després,Michel Després,m,1957,Québec,Capitale-Nationale,Québec
François,Desrochers,François Desrochers,m,1970,Deux-Montagnes,Laurentides,Québec
Jean-Paul,Diamond,Jean-Paul Diamond,m,1940,Charette,Mauricie,Québec
Simon-Pierre,Diamond,Simon-Pierre Diamond,m,1985,Boucherville,Montérégie,Québec
Léandre,Dion,Léandre Dion,m,1937,Sainte-Apolline-de-Patton,Chaudière-Appalaches,Québec
Amélie,Dionne,Amélie Dionne,f,1975,Rivière-du-Loup,Bas-Saint-Laurent,Québec
Rita,Dionne-Marsolais,Rita Dionne-Marsolais,f,1947,Sherbrooke,Estrie,Québec
Jean,Domingue,Jean Domingue,m,1962,Montréal,Montréal,Québec
Catherine,Dorion,Catherine Dorion,f,1982,Québec,Capitale-Nationale,Québec
Éric,Dorion,Éric Dorion,m,1970,Drummondville,Centre-du-Québec,Québec
Shirley,Dorismond,Shirley Dorismond,f,1976,Longueuil,Montérégie,Québec
Danielle,Doyer,Danielle Doyer,f,1951,Mont-Joli,Bas-Saint-Laurent,Québec
Bernard,Drainville,Bernard Drainville,m,1963,La-Visitation-de-l'Île-Dupas,Lanaudière,Québec
André,Drolet,André Drolet,m,1954,Québec,Capitale-Nationale,Québec
Christian,Dubé,Christian Dubé,m,1958,Québec,Capitale-Nationale,Québec
Emmanuel,Dubourg,Emmanuel Dubourg,m,1958,,,Haïti
Jean,Dubuc,Jean Dubuc,m,1941,Saint-Isidore,Montérégie,Québec
Pierre,Duchesne,Pierre Duchesne,m,1964,Jonquière,Saguenay–Lac-Saint-Jean,Québec
Jacques,Duchesneau,Jacques Duchesneau,m,1949,Montréal,Montréal,Québec
Marjolain,Dufour,Marjolain Dufour,m,1958,Baie-Comeau,Côte-Nord,Québec
Pierre,Dufour,Pierre Dufour,m,1965,Thetford Mines,Chaudière-Appalaches,Québec
Virginie,Dufour,Virginie Dufour,f,1977,Montréal,Montréal,Québec
Normand,Duguay,Normand Duguay,m,1941,Rivière-au-Tonnerre,Côte-Nord,Québec
Mario,Dumont,Mario Dumont,m,1970,Cacouna,Bas-Saint-Laurent,Québec
Jacques,Dupuis,Jacques Dupuis,m,1948,Montréal,Montréal,Québec
France-Élaine,Duranceau,France-Élaine Duranceau,f,1974,Montréal,Montréal,Québec
Robert,Dutil,Robert Dutil,m,1950,Saint-Georges,Chaudière-Appalaches,Québec
Jean-Bernard,Émond,Jean-Bernard Émond,m,1968,Sainte-Anne-de-Sorel,Montérégie,Québec
Joseph,Facal,Joseph Facal,m,1961,Montevideo,,Uruguay
Luc,Ferland,Luc Ferland,m,1955,Petit-Saguenay,Saguenay–Lac-Saint-Jean,Québec
Pierre,Fitzgibbon,Pierre Fitzgibbon,m,1957,Montréal,Montréal,Québec
Andrés,Fontecilla,Andrés Fontecilla,m,1967,,,Chili
André,Fortin,André Fortin,m,1981,Quyon,Outaouais,Québec
Luc,Fortin,Luc Fortin,m,1982,,,Québec
Émilie,Foster,Émilie Foster,f,1980,Baie-Comeau,Côte-Nord,Québec
Catherine,Fournier,Catherine Fournier,f,1992,Sainte-Julie,Montérégie,Québec
Jean-Marc,Fournier,Jean-Marc Fournier,m,1959,Châteauguay,Montérégie,Québec
Raymond,Francoeur,Raymond Francoeur,m,1946,Beauport,Capitale-Nationale,Québec
Christine,Fréchette,Christine Fréchette,f,1970,Trois-Rivières,Mauricie,Québec
André,Gabias,André Gabias,m,1956,Trois-Rivières,Mauricie,Québec
Gabriel-Yvan,Gagnon,Gabriel-Yvan Gagnon,m,1951,Forestville,Côte-Nord,Québec
Yannick,Gagnon,Yannick Gagnon,m,1979,Jonquière,Saguenay–Lac-Saint-Jean,Québec
Monique,Gagnon-Tremblay,Monique Gagnon-Tremblay,f,1940,Plessisville,Centre-du-Québec,Québec
Brigitte,Garceau,Brigitte Garceau,f,1964,Montréal,Montréal,Québec
Francine,Gaudet,Francine Gaudet,f,1948,Bécancour,Centre-du-Québec,Québec
François,Gaudreau,François Gaudreau,m,1957,Montréal,Montréal,Québec
Maryse,Gaudreault,Maryse Gaudreault,f,1959,Neufchâtel,Capitale-Nationale,Québec
Sylvain,Gaudreault,Sylvain Gaudreault,m,1970,Jonquière,Saguenay–Lac-Saint-Jean,Québec
Françoise,Gauthier,Françoise Gauthier,f,1953,Laterrière,Saguenay–Lac-Saint-Jean,Québec
Henri-François,Gautrin,Henri-François Gautrin,m,1943,Béthune,,France
Réal,Gauvin,Réal Gauvin,m,1935,Saint-Adalbert,Chaudière-Appalaches,Québec
René,Gauvreau,René Gauvreau,m,1954,Montréal,Montréal,Québec
François,Gendron,François Gendron,m,1944,Val-Paradis,Nord-du-Québec,Québec
Marie-Belle,Gendron,Marie-Belle Gendron,f,1981,Châteauguay,Montérégie,Québec
Catherine,Gentilcore,Catherine Gentilcore,f,1985,Repentigny,Lanaudière,Québec
Serge,Geoffrion,Serge Geoffrion,m,1955,Montréal,Montréal,Québec
Ruba,Ghazal,Ruba Ghazal,f,1977,,,Liban
Clément,Gignac,Clément Gignac,m,1955,Saint-Gilbert,Capitale-Nationale,Québec
Pierre,Giguère,Pierre Giguère,m,1964,Shawinigan,Mauricie,Québec
Pierre,Gingras,Pierre Gingras,m,1952,Shawinigan-Sud,Mauricie,Québec
Eric,Girard,Eric Girard,m,1966,Sept-Îles,Côte-Nord,Québec
Éric,Girard,Éric Girard,m,1970,Alma,Saguenay–Lac-Saint-Jean,Québec
Jean-Denis,Girard,Jean-Denis Girard,m,1967,Trois-Rivières,Mauricie,Québec
Nicolas,Girard,Nicolas Girard,m,1972,Montréal,Montréal,Québec
Nadine,Girault,Nadine Girault,f,1959,,,États-Unis
Jean-Claude,Gobé,Jean-Claude Gobé,m,1949,Charleville,,France
Johanne,Gonthier,Johanne Gonthier,f,1953,Montréal,Montréal,Québec
Jean-François,Gosselin,Jean-François Gosselin,m,1975,Québec,Capitale-Nationale,Québec
Linda,Goupil,Linda Goupil,f,1961,Saint-Léon-de-Standon,Chaudière-Appalaches,Québec
Daniel,Goyer,Daniel Goyer,m,1953,Saint-Eustache,Laurentides,Québec
Etienne,Grandmont,Etienne Grandmont,m,1977,Trois-Rivières,Mauricie,Québec
Ginette,Grandmont,Ginette Grandmont,f,1945,Drummondville,Centre-du-Québec,Québec
Marie,Grégoire,Marie Grégoire,f,1965,Berthierville,Lanaudière,Québec
Agnès,Grondin,Agnès Grondin,f,1967,Lachute,Laurentides,Québec
Janvier,Grondin,Janvier Grondin,m,1947,Saint-Jules,Chaudière-Appalaches,Québec
Geneviève,Guilbault,Geneviève Guilbault,f,1982,Greenfield Park,Montérégie,Québec
Nancy,Guillemette,Nancy Guillemette,f,1968,Roberval,Saguenay–Lac-Saint-Jean,Québec
Jean,Habel,Jean Habel,m,1988,Montréal,Montréal,Québec
Sam,Hamad,Sam Hamad,m,1958,Damas,,Syrie
France,Hamel,France Hamel,f,1952,Québec,Capitale-Nationale,Québec
Diane,Gadoury-Hamelin,Diane Gadoury-Hamelin,f,1951,Montréal,Montréal,Québec
Guy,Hardy,Guy Hardy,m,1950,Windsor,Estrie,Québec
Louise,Harel,Louise Harel,f,1946,Sainte-Thérèse,Laurentides,Québec
Céline,Haytayan,Céline Haytayan,f,1980,,,
Geneviève,Hébert,Geneviève Hébert,f,1973,Sherbrooke,Estrie,Québec
Réjean,Hébert,Réjean Hébert,m,1955,Québec,Capitale-Nationale,Québec
David,Heurtel,David Heurtel,m,1971,Montréal,Montréal,Québec
Véronique,Hivon,Véronique Hivon,f,1970,Joliette,Lanaudière,Québec
Fatima,Houda-Pepin,Fatima Houda-Pepin,f,,Meknès,,Maroc
Patrick,Huot,Patrick Huot,m,1975,Québec,Capitale-Nationale,Québec
Alexandre,Iracà,Alexandre Iracà,m,1970,Val-d'Or,Abitibi-Témiscamingue,Québec
Claire,IsaBelle,Claire IsaBelle,f,1962,Saint-Michel,Montérégie,Québec
François,Jacques,François Jacques,m,1970,Lac-Mégantic,Estrie,Québec
Yolande,James,Yolande James,f,1977,Montréal,Montréal,Québec
Mireille,Jean,Mireille Jean,f,1960,Jonquière,Saguenay–Lac-Saint-Jean,Québec
Chantale,Jeannotte,Chantale Jeannotte,f,1964,Montréal,Montréal,Québec
Monique,Jérôme-Forget,Monique Jérôme-Forget,f,1940,Montréal,Montréal,Québec
Simon,Jolin-Barrette,Simon Jolin-Barrette,m,1987,Mont-Saint-Hilaire,Montérégie,Québec
Jean-Pierre,Jolivet,Jean-Pierre Jolivet,m,1941,Montréal,Montréal,Québec
Guy,Julien,Guy Julien,m,1941,Montréal,Montréal,Québec
Jonatan,Julien,Jonatan Julien,m,1972,Québec,Capitale-Nationale,Québec
Normand,Jutras,Normand Jutras,m,1948,Drummondville,Centre-du-Québec,Québec
Pierre,Karl Péladeau,Pierre Karl Péladeau,m,1961,Montréal,Montréal,Québec
Geoffrey,Kelley,Geoffrey Kelley,m,1955,Montréal,Montréal,Québec
Gregory,Kelley,Gregory Kelley,m,1985,Montréal,Montréal,Québec
Amir,Khadir,Amir Khadir,m,1961,Téhéran,,Iran
Robert,Kieffer,Robert Kieffer,m,1946,Montréal,Montréal,Québec
Maka,Kotto,Maka Kotto,m,1961,Douala,,Cameroun
Charlotte,L'Écuyer,Charlotte L'Écuyer,f,1943,Smooth Rock Falls,,Ontario
Claude,L'Écuyer,Claude L'Écuyer,m,1947,Saint-Hyacinthe,Montérégie,Québec
Gilles,Labbé,Gilles Labbé,m,1948,Montréal,Montréal,Québec
Christine,Labrie,Christine Labrie,f,1987,Sherbrooke,Estrie,Québec
Claude,Lachance,Claude Lachance,m,1945,Saint-Nazaire-de-Dorchester,Chaudière-Appalaches,Québec
Stéphanie,Lachance,Stéphanie Lachance,f,,,,
Mathieu,Lacombe,Mathieu Lacombe,m,1988,Repentigny,Lanaudière,Québec
Andrée,Laforest,Andrée Laforest,f,1966,Chicoutimi,Saguenay–Lac-Saint-Jean,Québec
Mario,Laframboise,Mario Laframboise,m,1957,Notre-Dame-de-la-Paix,Outaouais,Québec
Ian,Lafrenière,Ian Lafrenière,m,1976,Granby,Estrie,Québec
Réjean,Lafrenière,Réjean Lafrenière,m,1935,Messines,Outaouais,Québec
Sona,Lakhoyan Olivier,Sona Lakhoyan Olivier,f,,,,Liban
Diane,Lamarre,Diane Lamarre,f,,,,
André,Lamontagne,André Lamontagne,m,1960,Saint-Félicien,Saguenay–Lac-Saint-Jean,Québec
Denis,Lamothe,Denis Lamothe,m,1958,Trois-Rivières,Mauricie,Québec
Jean-Sébastien,Lamoureux,Jean-Sébastien Lamoureux,m,1974,Anjou,Montréal,Québec
Michèle,Lamquin-Éthier,Michèle Lamquin-Éthier,f,1946,Montréal,Montréal,Québec
Bernard,Landry,Bernard Landry,m,1937,Saint-Jacques,Lanaudière,Québec
Linda,Lapointe,Linda Lapointe,f,1960,Laval,Laval,Québec
Lisette,Lapointe,Lisette Lapointe,f,1943,Montréal,Montréal,Québec
Éric,Laporte,Éric Laporte,m,1976,Montréal,Montréal,Québec
Pierre-Étienne,Laporte,Pierre-Étienne Laporte,m,1934,Joliette,Lanaudière,Québec
Benoît,Laprise,Benoît Laprise,m,1932,Saint-Félicien,Saguenay–Lac-Saint-Jean,Québec
Élizabeth,Larouche,Élizabeth Larouche,f,1953,Val-d'Or,Abitibi-Témiscamingue,Québec
Lise,Lavallée,Lise Lavallée,f,1957,Saint-Cuthbert,Lanaudière,Québec
Stéphane,Le Bouyonnec,Stéphane Le Bouyonnec,m,1962,Falaise,,France
Harold,LeBel,Harold LeBel,m,1962,Squatec,Bas-Saint-Laurent,Québec
Sonia,LeBel,Sonia LeBel,f,1968,Matane,Bas-Saint-Laurent,Québec
Diane,Leblanc,Diane Leblanc,f,1954,Saint-Jean-sur-Richelieu,Montérégie,Québec
Lucie,Leblanc,Lucie Leblanc,f,1962,Montréal,Montréal,Québec
Guy,Leclair,Guy Leclair,m,1968,Salaberry-de-Valleyfield,Montérégie,Québec
Isabelle,Lecours,Isabelle Lecours,f,1971,Québec,Capitale-Nationale,Québec
Lucie,Lecours,Lucie Lecours,f,1964,Repentigny,Lanaudière,Québec
Alexandre,Leduc,Alexandre Leduc,m,1984,Longueuil,Montérégie,Québec
Lyse,Leduc,Lyse Leduc,f,1938,Montréal,Montréal,Québec
Elsie,Lefebvre,Elsie Lefebvre,f,1979,Montréal,Montréal,Québec
Eric,Lefebvre,Eric Lefebvre,m,1971,Victoriaville,Centre-du-Québec,Québec
Sylvain,Légaré,Sylvain Légaré,m,1970,Québec,Capitale-Nationale,Québec
Diane,Legault,Diane Legault,f,1956,Montréal,Montréal,Québec
François,Legault,François Legault,m,1957,Sainte-Anne-de-Bellevue,Montréal,Québec
Richard,Legendre,Richard Legendre,m,1953,Montmagny,Chaudière-Appalaches,Québec
Nicole,Léger,Nicole Léger,f,1955,Montréal,Montréal,Québec
Gilles,Lehouillier,Gilles Lehouillier,m,1953,Lévis,Chaudière-Appalaches,Québec
Carlos,Leitão,Carlos Leitão,m,1956,,,Portugal
Gaétan,Lelièvre,Gaétan Lelièvre,m,1962,Sainte-Thérèse-de-Gaspé,Gaspésie–Îles-de-la-Madeleine,Québec
Guy,Lelièvre,Guy Lelièvre,m,1952,Sainte-Thérèse-de-Gaspé,Gaspésie–Îles-de-la-Madeleine,Québec
Martin,Lemay,Martin Lemay,m,1964,Amos,Abitibi-Témiscamingue,Québec
Mathieu,Lemay,Mathieu Lemay,m,1979,Montréal,Montréal,Québec
Diane,Lemieux,Diane Lemieux,f,1961,Sherbrooke,Estrie,Québec
Louis,Lemieux,Louis Lemieux,m,1957,Québec,Capitale-Nationale,Québec
Jacques,Léonard,Jacques Léonard,m,1936,Saint-Jovite,Laurentides,Québec
Sylvie,Lespérance,Sylvie Lespérance,f,1954,Jonquière,Saguenay–Lac-Saint-Jean,Québec
Laurent,Lessard,Laurent Lessard,m,1962,Thetford Mines,Chaudière-Appalaches,Québec
Émilise,Lessard-Therrien,Émilise Lessard-Therrien,f,1991,Duhamel-Ouest,Abitibi-Témiscamingue,Québec
Michel,Létourneau,Michel Létourneau,m,1949,Montréal,Montréal,Québec
Christian,Lévesque,Christian Lévesque,m,1970,Lévis,Chaudière-Appalaches,Québec
Mathieu,Lévesque,Mathieu Lévesque,m,1988,Gatineau,Outaouais,Québec
Sylvain,Lévesque,Sylvain Lévesque,m,1973,Lac-Mégantic,Estrie,Québec
Jean-François,Lisée,Jean-François Lisée,m,1958,Thetford Mines,Chaudière-Appalaches,Québec
Nicole,Loiselle,Nicole Loiselle,f,1954,Montréal,Montréal,Québec
Jennifer,Maccarone,Jennifer Maccarone,f,,,,
Cosmo,Maciocia,Cosmo Maciocia,m,1942,Cantalupo,,Italie
Norman,MacMillan,Norman MacMillan,m,1947,Buckingham,Outaouais,Québec
Marie,Malavoy,Marie Malavoy,f,1948,Berlin,,Allemagne de l'Ouest
Carole,Mallette,Carole Mallette,f,1981,LaSalle,Montréal,Québec
Agnès,Maltais,Agnès Maltais,f,1956,Sault-au-Mouton,Côte-Nord,Québec
Georges,Mamelonet,Georges Mamelonet,m,1954,Casablanca,,Maroc
Anna,Mancuso,Anna Mancuso,f,1971,Montréal,Montréal,Québec
Nicolas,Marceau,Nicolas Marceau,m,1964,Montréal,Montréal,Québec
Jacques,Marcotte,Jacques Marcotte,m,1945,Sainte-Catherine-de-la-Jacques-Cartier,Capitale-Nationale,Québec
Yvon,Marcoux,Yvon Marcoux,m,1941,Saint-Lambert-de-Lauzon,Chaudière-Appalaches,Québec
Vincent,Marissal,Vincent Marissal,m,1968,Granby,Estrie,Québec
Pauline,Marois,Pauline Marois,f,1949,Québec,Capitale-Nationale,Québec
Pierre,Marsan,Pierre Marsan,m,1948,Montréal,Montréal,Québec
Donald,Martel,Donald Martel,m,1964,Grand-Mère,Mauricie,Québec
Manon,Massé,Manon Massé,f,1963,Windsor,Estrie,Québec
Michel,Matte,Michel Matte,m,1949,Saint-Alban,Capitale-Nationale,Québec
Danielle,McCann,Danielle McCann,f,1952,,,Québec
Désirée,McGraw,Désirée McGraw,f,1970,Montréal,Montréal,Québec
Scott,McKay,Scott McKay,m,1960,Montréal-Est,Montréal,Québec
Isabelle,Melançon,Isabelle Melançon,f,1974,Montréal,Montréal,Québec
Nicole,Ménard,Nicole Ménard,f,1948,Saint-Constant,Montérégie,Québec
Serge,Ménard,Serge Ménard,m,1941,Montréal,Montréal,Québec
Éric,Mercier,Éric Mercier,m,1967,Québec,Capitale-Nationale,Québec
Richard,Merlini,Richard Merlini,m,1965,Montréal,Montréal,Québec
Lucille,Méthé,Lucille Méthé,f,1957,Henryville,Montérégie,Québec
Robert,Middlemiss,Robert Middlemiss,m,1935,Aylmer,Outaouais,Québec
Yves,Montigny,Yves Montigny,m,1971,Baie-Comeau,Côte-Nord,Québec
Marie,Montpetit,Marie Montpetit,f,1979,Sainte-Marthe,Montérégie,Québec
Johanne,Morasse,Johanne Morasse,f,1957,Duparquet,Abitibi-Témiscamingue,Québec
Pierre,Moreau,Pierre Moreau,m,1957,Verchères,Montérégie,Québec
André,Morin,André Morin,m,1961,Montréal,Montréal,Québec
Claude,Morin,Claude Morin,m,1953,Saint-Gédéon-de-Beauce,Chaudière-Appalaches,Québec
Michel,Morin,Michel Morin,m,1948,Saint-Célestin,Centre-du-Québec,Québec
Norbert,Morin,Norbert Morin,m,1945,Saint-François-de-la-Rivière-du-Sud,Chaudière-Appalaches,Québec
Catherine,Morissette,Catherine Morissette,f,1979,Québec,Capitale-Nationale,Québec
Thomas,Mulcair,Thomas Mulcair,m,1954,Ottawa,,Ontario
Gabriel,Nadeau-Dubois,Gabriel Nadeau-Dubois,m,1990,Montréal,Montréal,Québec
Marie-Claude,Nichols,Marie-Claude Nichols,f,1973,Terrebonne,Lanaudière,Québec
Nathalie,Normandeau,Nathalie Normandeau,f,1968,Maria,Gaspésie–Îles-de-la-Madeleine,Québec
Martin,Ouellet,Martin Ouellet,m,1977,Baie-Comeau,Côte-Nord,Québec
Martine,Ouellet,Martine Ouellet,f,1969,Longueuil,Montérégie,Québec
Guy,Ouellette,Guy Ouellette,m,1951,Sherbrooke,Estrie,Québec
François,Ouimet,François Ouimet,m,1959,Montréal,Montréal,Québec
Gilles,Ouimet,Gilles Ouimet,m,1962,Montréal,Montréal,Québec
Sylvain,Pagé,Sylvain Pagé,m,1961,Mont-Laurier,Laurentides,Québec
Lucie,Papineau,Lucie Papineau,f,1946,Laval-des-Rapides,Laval,Québec
Alain,Paquet,Alain Paquet,m,1961,Québec,Capitale-Nationale,Québec
Jean-Pierre,Paquin,Jean-Pierre Paquin,m,1948,Montréal,Montréal,Québec
Roger,Paquin,Roger Paquin,m,1947,Montréal,Montréal,Québec
François,Paradis,François Paradis,m,1957,Sorel,Montérégie,Québec
Pascal,Paradis,Pascal Paradis,m,1971,Québec,Capitale-Nationale,Québec
Pierre,Paradis,Pierre Paradis,m,1950,Bedford,Estrie,Québec
Jean-Guy,Paré,Jean-Guy Paré,m,1947,Warwick,Centre-du-Québec,Québec
David,Payne,David Payne,m,1944,Middlesbrough,,Angleterre
André,Pelletier,André Pelletier,m,1941,Évain,Abitibi-Témiscamingue,Québec
Benoît,Pelletier,Benoît Pelletier,m,1960,Québec,Capitale-Nationale,Québec
Émilien,Pelletier,Émilien Pelletier,m,1945,Rivière-Bleue,Bas-Saint-Laurent,Québec
Irvin,Pelletier,Irvin Pelletier,m,1946,Sayabec,Bas-Saint-Laurent,Québec
Robert,Perreault,Robert Perreault,m,1947,Sainte-Anne-de-la-Pérade,Mauricie,Québec
Sarah,Perreault,Sarah Perreault,f,1962,Chicoutimi,Saguenay–Lac-Saint-Jean,Québec
Méganne,Perry Mélançon,Méganne Perry Mélançon,f,1990,Gaspé,Gaspésie–Îles-de-la-Madeleine,Québec
Marc,Picard,Marc Picard,m,1955,Saint-Raphaël,Chaudière-Appalaches,Québec
Marilyne,Picard,Marilyne Picard,f,1982,,,
Michel,Pigeon,Michel Pigeon,m,1945,Québec,Capitale-Nationale,Québec
Claude,Pinard,Claude Pinard,m,1949,Shawinigan-Sud,Mauricie,Québec
Marc,Plante,Marc Plante,m,1981,Sainte-Angèle-de-Prémont,Mauricie,Québec
Robert,Poëti,Robert Poëti,m,1955,Montréal,Montréal,Québec
Carole,Poirier,Carole Poirier,f,1958,Montréal,Montréal,Québec
Saul,Polo,Saul Polo,m,1975,,,Colombie
Isabelle,Poulet,Isabelle Poulet,f,1968,Montréal,Montréal,Québec
Normand,Poulin,Normand Poulin,m,1954,Beauceville,Chaudière-Appalaches,Québec
Samuel,Poulin,Samuel Poulin,m,1991,,,Maroc
Elisabeth,Prass,Elisabeth Prass,f,1979,Montréal,Montréal,Québec
Caroline,Proulx,Caroline Proulx,f,1966,Saint-Jean-de-Matha,Lanaudière,Québec
Marie-Eve,Proulx,Marie-Eve Proulx,f,,Saint-Pierre-de-la-Rivière-du-Sud,Chaudière-Appalaches,Québec
Sébastien,Proulx,Sébastien Proulx,m,1975,Montréal,Montréal,Québec
Suzanne,Proulx,Suzanne Proulx,f,1959,Laval,Laval,Québec
Luc,Provençal,Luc Provençal,m,1955,Beauceville,Chaudière-Appalaches,Québec
Daniel,Ratthé,Daniel Ratthé,m,1956,Chicoutimi,Saguenay–Lac-Saint-Jean,Québec
François,Rebello,François Rebello,m,1970,Montréal,Montréal,Québec
Claude,Reid,Claude Reid,m,1964,Valleyfield,Montérégie,Québec
Pierre,Reid,Pierre Reid,m,1948,Jonquière,Saguenay–Lac-Saint-Jean,Québec
Jeannine,Richard,Jeannine Richard,f,1952,Montréal,Montréal,Québec
Lorraine,Richard,Lorraine Richard,f,1959,Havre-Saint-Pierre,Côte-Nord,Québec
Monique,Richard,Monique Richard,f,1947,Jonquière,Saguenay–Lac-Saint-Jean,Québec
Roland,Richer,Roland Richer,m,1941,Wentworth-Nord,Laurentides,Québec
André,Riedl,André Riedl,m,1940,Montréal,Montréal,Québec
Jean,Rioux,Jean Rioux,m,1953,Trois-Rivières,Mauricie,Québec
Matthias,Rioux,Matthias Rioux,m,1934,Rivière-à-Claude,Gaspésie–Îles-de-la-Madeleine,Québec
Mathieu,Rivest,Mathieu Rivest,m,1967,Beauport,Capitale-Nationale,Québec
Marwah,Rizqy,Marwah Rizqy,f,1985,Montréal,Montréal,Québec
Jean-François,Roberge,Jean-François Roberge,m,1974,,Montérégie,Québec
Gilles,Robert,Gilles Robert,m,1955,Saint-Jérôme,Laurentides,Québec
Hélène,Robert,Hélène Robert,f,1945,Sainte-Scholastique,Laurentides,Québec
Paule,Robitaille,Paule Robitaille,f,1962,Québec,Capitale-Nationale,Québec
Nathalie,Rochefort,Nathalie Rochefort,f,1970,Québec,Capitale-Nationale,Québec
Jean,Rochon,Jean Rochon,m,1938,Montréal,Montréal,Québec
Sylvain,Rochon,Sylvain Rochon,m,1961,Sorel-Tracy,Montérégie,Québec
Filomena,Rotiroti,Filomena Rotiroti,f,1974,Montréal,Montréal,Québec
Chantal,Rouleau,Chantal Rouleau,f,1959,Repentigny,Lanaudière,Québec
Jean,Rousselle,Jean Rousselle,m,1953,Montréal,Montréal,Québec
Jean-François,Roux,Jean-François Roux,m,1973,Victoriaville,Centre-du-Québec,Québec
Claude,Roy,Claude Roy,m,1952,Montmagny,Chaudière-Appalaches,Québec
Nathalie,Roy,Nathalie Roy,f,1964,New Carlisle,Gaspésie–Îles-de-la-Madeleine,Québec
Suzanne,Roy,Suzanne Roy,f,1962,Sherbrooke,Estrie,Québec
Sylvain,Roy,Sylvain Roy,m,1964,Saint-Jean,,Nouveau-Brunswick
Sylvie,Roy,Sylvie Roy,f,1964,La Tuque,Mauricie,Québec
Monique,Roy Verville,Monique Roy Verville,f,1961,Verdun,Montréal,Québec
Jean-Claude,St-André,Jean-Claude St-André,m,1962,Montréal,Montréal,Québec
Stéphane,Sainte-Croix,Stéphane Sainte-Croix,m,1969,Rimouski,Bas-Saint-Laurent,Québec
Claire,Samson,Claire Samson,f,1955,Montréal,Montréal,Québec
Monique,Sauvé,Monique Sauvé,f,1960,Montréal,Montréal,Québec
Valérie,Schmaltz,Valérie Schmaltz,f,,Strasbourg,,France
Sébastien,Schneeberger,Sébastien Schneeberger,m,1973,,,Suisse
Yves,Séguin,Yves Séguin,m,1951,Val-d'Or,Abitibi-Témiscamingue,Québec
Michelle,Setlakwe,Michelle Setlakwe,f,1973,Thetford Mines,Chaudière-Appalaches,Québec
Céline,Signori,Céline Signori,f,1938,Saint-Jean-sur-Richelieu,Montérégie,Québec
André,Simard,André Simard,m,1953,Normandin,Saguenay–Lac-Saint-Jean,Québec
Caroline,Simard,Caroline Simard,f,1974,Baie-Saint-Paul,Capitale-Nationale,Québec
Jean-François,Simard,Jean-François Simard,m,1966,Québec,Capitale-Nationale,Québec
Serge,Simard,Serge Simard,m,1950,Chicoutimi,Saguenay–Lac-Saint-Jean,Québec
Sylvain,Simard,Sylvain Simard,m,1945,Chicoutimi,Saguenay–Lac-Saint-Jean,Québec
Christos,Sirros,Christos Sirros,m,1948,Athènes,,Grèce
Christopher,Skeete,Christopher Skeete,m,1979,Montréal,Montréal,Québec
Gerry,Sklavounos,Gerry Sklavounos,m,1974,Montréal,Montréal,Québec
Chantal,Soucy,Chantal Soucy,f,1974,Saint-Rémi,Montérégie,Québec
Jean-Pierre,Soucy,Jean-Pierre Soucy,m,1952,Québec,Capitale-Nationale,Québec
André,Spénard,André Spénard,m,1950,Thetford Mines,Chaudière-Appalaches,Québec
Danielle,St-Amand,Danielle St-Amand,f,1964,Sainte-Thècle,Mauricie,Québec
Bertrand,St-Arnaud,Bertrand St-Arnaud,m,1958,Montréal,Montréal,Québec
Yves,St-Denis,Yves St-Denis,m,1963,Brownsburg,Laurentides,Québec
Michelyne,St-Laurent,Michelyne St-Laurent,f,1948,Québec,Capitale-Nationale,Québec
François,St-Louis,François St-Louis,m,1967,Joliette,Lanaudière,Québec
Christine,St-Pierre,Christine St-Pierre,f,1953,Saint-Roch-des-Aulnaies,Chaudière-Appalaches,Québec
Paul,St-Pierre Plamondon,Paul St-Pierre Plamondon,m,1977,Trois-Rivières,Mauricie,Québec
Claude,Surprenant,Claude Surprenant,m,1963,,,
Gilles,Taillon,Gilles Taillon,m,1945,Saint-Jérôme,Laurentides,Québec
Marc,Tanguay,Marc Tanguay,m,1973,,,
Denis,Tardif,Denis Tardif,m,,,,
Marie-Louise,Tardif,Marie-Louise Tardif,f,,Sainte-Anne-de-la-Pocatière,Bas-Saint-Laurent,Québec
Carole,Théberge,Carole Théberge,f,1953,Saint-Philémon,Chaudière-Appalaches,Québec
Lise,Thériault,Lise Thériault,f,1966,Toronto,,Ontario
Luc,Thériault,Luc Thériault,m,1960,Montréal,Montréal,Québec
Alain,Therrien,Alain Therrien,m,1966,Verdun,Montréal,Québec
Jean-François,Therrien,Jean-François Therrien,m,1969,Québec,Capitale-Nationale,Québec
Louis-Charles,Thouin,Louis-Charles Thouin,m,1971,,,
Tony,Tomassi,Tony Tomassi,m,1971,Montréal,Montréal,Québec
André,Tranchemontagne,André Tranchemontagne,m,1939,Montréal,Montréal,Québec
Mathieu,Traversy,Mathieu Traversy,m,1984,Mascouche,Lanaudière,Québec
François,Tremblay,François Tremblay,m,1970,Chicoutimi,Saguenay–Lac-Saint-Jean,Québec
Guillaume,Tremblay,Guillaume Tremblay,m,1984,Mascouche,Lanaudière,Québec
Stéphan,Tremblay,Stéphan Tremblay,m,1973,Alma,Saguenay–Lac-Saint-Jean,Québec
Suzanne,Tremblay,Suzanne Tremblay,f,1977,Chicoutimi-Nord,Saguenay–Lac-Saint-Jean,Québec
Véronyque,Tremblay,Véronyque Tremblay,f,1974,Jonquière,Saguenay–Lac-Saint-Jean,Québec
Denis,Trottier,Denis Trottier,m,1952,Dolbeau-Mistassini,Saguenay–Lac-Saint-Jean,Québec
Denise,Trudel,Denise Trudel,f,1955,Alma,Saguenay–Lac-Saint-Jean,Québec
Luc,Trudel,Luc Trudel,m,1970,Shawinigan,Mauricie,Québec
Rémy,Trudel,Rémy Trudel,m,1948,Sainte-Thècle,Mauricie,Québec
Dave,Turcotte,Dave Turcotte,m,1983,Longueuil,Montérégie,Québec
Daniel,Turp,Daniel Turp,m,1955,Verdun,Montréal,Québec
Stéphanie,Vallée,Stéphanie Vallée,f,1971,Sherbrooke,Estrie,Québec
Karine,Vallières,Karine Vallières,f,1978,Danville,Estrie,Québec
Yvon,Vallières,Yvon Vallières,m,1949,Danville,Estrie,Québec
Jonathan,Valois,Jonathan Valois,m,1971,Sorel,Montérégie,Québec
Cécile,Vermette,Cécile Vermette,f,1945,Montréal,Montréal,Québec
Dominique,Vien,Dominique Vien,f,1967,Lévis,Chaudière-Appalaches,Québec
André,Villeneuve,André Villeneuve,m,1961,Lavaltrie,Lanaudière,Québec
Alexis,Wawanoloath,Alexis Wawanoloath,m,1982,Val-d'Or,Abitibi-Témiscamingue,Québec
Kathleen,Weil,Kathleen Weil,f,1954,Montréal,Montréal,Québec
David,Whissell,David Whissell,m,1967,Montréal,Montréal,Québec
Russell,Williams,Russell Williams,m,1953,London,,Ontario
Alejandra,Zaga Mendez,Alejandra Zaga Mendez,f,1988,,,Pérou
Élaine,Zakaïb,Élaine Zakaïb,f,1959,Sorel,Montérégie,Québec
Sol,Zanetti,Sol Zanetti,m,1982,Québec,Capitale-Nationale,Québec
